,B,,,REF 1,REF 2,REF 3,REF 4,REF 5,REF 6
MỤC TIÊU,"Tăng Retention, tăng playtime (số level chơi trong 1 session), Monetization.",,,,,,,,
ART,"Asset checklist: Asset Checklist
Figma: Link
2D Art:
- Icon Win Streak.
- Popup Winstreak.
- Popup Tutorial.
- 4 trạng thái nhân vật: idle, đang bay lên, rơi xuống, ăn mừng khi nhận thưởng.
- Popup Reward.

Anim/VFX:
- Anim 4 trạng thái cho nhân vật: idle, đang bay lên, rơi xuống, ăn mừng khi nhận thưởng.
- Vfx khi pass 1 mốc thưởng.
- Anim/vfx mở rương.",,,,,,,,
DEV,"

(1) Unlock Condition:
 - Sau khi người chơi vượt qua Lv.29 (tức mở khóa ở Lv.30), sau khi ng chơi trở về Home Screen thì tự động bật popup Win Streak (REF 1).
 - Event bắt đầu vào lúc 0:00am thứ 6 hàng tuần và kết thúc lúc 23:59pm Chủ Nhật tương đương 72h (tính theo giờ UTC).

(2) Popup Win Streak
 - Bật popup này mỗi khi bắt đầu event (chỉ bật 1 lần duy nhất khi event được kích hoạt), bấm btn(X) sẽ tắt popup còn bấm btn(Start) thì mở Win Streak Screen (popup này thuộc loại Recurring Feature).

(3) Win Streak Screen
 - Đây là màn chính của feature, sẽ có 10 mốc nhận thưởng, tương ứng với 45 level thắng liên tiếp để có thể đạt đến phần thưởng cuối.
 - Đây thuộc loại Recurring Feature, tự động bật sau khi hoàn thành Level đầu tiên trong ngày (không bật luôn khi mở game)
 - Nếu đây là lần đầu tiên ng chơi mở khóa tính năng này thì sẽ thực hiện anim mở Popup Info ngay sau khi mở Win Streak Screen.
 - Sau khi ng chơi tắt Popup Info, Win Streak Screen sẽ bắt đầu ở phần thưởng cuối cùng của tính năng rồi sẽ lướt xuống mốc đầu tiên (giống master pass).
 - Nếu ng chơi bấm btn(i) sẽ mở Popup Info.
 - Nếu ng chơi bấm btn(Start) sẽ chuyển đến gameplay luôn.
 - Nếu ng chơi bấm vào btn(Claim), hiển thị popup Reward các phần thưởng được nhận, và sau đó chuyển trạng thái rương thành đã nhận (REF 3).
 - Nếu ng chơi bấm vào các rương sẽ hiển thị talkbox danh sách phần thưởng trong rương, nếu rương đó đã được nhận (REF 3) thì khi ng chơi tap vào sẽ không hiển thị gì.
 - Danh sách mốc và phần thưởng Economy + IAP Design .

 - Nhân vật đại diện cho chuỗi thắng của người chơi là con cá nóc. Mỗi khi bắt đầu event, người chơi reset về mốc 0:
  + Progress Bar chính (bên trái Win Streak Screen) thể hiện tiến trình từ mốc 0 → mốc 45. Độ cao của con cá sẽ thay đổi dựa theo tiến độ trên thanh này. Hiển thị tổng số level đã thắng trong sự kiện, chia progress bar theo các mốc nhận thưởng 2, 5, 8, 11, 15, 20, 25, 30, 35, 45.
  + Giữa các mốc thưởng sẽ có các sub-progress bar khác nhau. Ví dụ: từ mốc 0 → mốc 2, người chơi cần thắng 2 level liên tiếp để lên mốc 2 → nghĩa là mỗi level win = tăng 50% sub-progress bar.
 
 - Trường hợp ng chơi win level: 
  + Thanh progress tăng 1 bậc và thực hiện anim con cá bay lên.
  + Nếu progress chạm hoặc vượt mốc reward, rương sẽ có anim rung rung và hiển thị btn(Claim).
  + Cho đến khi ng chơi bấm vào btn(Claim) mới thực hiện anim mở rương và nhận thưởng.
  + Sau khi ng chơi đạt mốc phần thưởng đầu tiên lần đầu, tự động mở Win Streak Screen và thực hiện logic như trên.
  + Từ những lần sau, popup này sẽ chỉ được bật lên người chơi chủ động mở từ icon trên Home.
  + Thực hiện anim vui mừng của con cá trong các trường hợp sau:
   - Đi qua mốc có phần thưởng và đã dừng anim bay lên mới thực hiện anim này.
   -  Mỗi khi ng chơi bấm btn(Claim) nhận phần thưởng.
  + VD tốc độ bay lên của con cá là 1 -> nếu chỉ lên 1 mốc thì tốc độ sẽ giữ là 1, nhưng nếu lên mốc 2 -> tốc độ bay của con cá sẽ bắt đầu từ 1 và đạt đỉnh sẽ là 1.1 rồi sẽ trở về 1 khi gần đến mốc dừng, số này sẽ không cố định mà sẽ tăng dựa theo khoảng cách giữa mốc hiện tại của ng chơi đang đứng và mốc tiếp theo ng chơi sẽ đến).

- Trường hợp ng chơi lose level: sẽ bật Popup Quit/Revive Gameplay và hiển thị token của tính năng (REF 5).
  + Nếu ng chơi chủ động Quit level, thua nhưng không chơi lại mà trở về màn Home: Ngay sau khi về màn Home tự động bật Win Streak Screen và thực hiện anim rơi nhân vật từ mốc hiện tại xuống mốc 0.
  + Nếu ng chơi thua level nhưng bấm btn(Restart) ở Lose Popup: Không thực hiện logic gì của Win Streak cả, chỉ khi ng chơi vẫn không win mà chủ động về màn Home thì thực hiện logic như trên, còn nếu ng chơi win thì thực hiện ANIM như trên và khi đó ng chơi sẽ dừng ở mốc 1 chứ không rơi hẳn xuống mốc 0.
 
Lưu ý:
 - Nếu ng chơi đã đạt được rương ở mốc cuối cùng, lần tiếp theo tính năng này mở lại rương cuối sẽ bỏ phần thưởng Avatar đi còn lại vẫn giữ nguyên như cũ.
 - Mỗi khi Win Streak Screen được mở lên hoặc sau khi thực hiện anim bay/rơi, vị trí của nhân vật sẽ luôn nằm ở nửa dưới của thiết bị.
 - Tốc độ rơi của khi ng chơi làm mất chuỗi sẽ gấp 1,5 lần so với tốc độ bay lên thấp nhất.
 - Khi đã đạt được mốc có phần thưởng mà chưa nhận, thì ng chơi sẽ vẫn luôn luôn có thể nhận phần thưởng đó cho dù đã rơi xuống mốc 0 (chỉ trong thời gian diễn ra sự kiện, nếu đến sự kiện tiếp theo thì sẽ reset lại).
 - Sau khi ng chơi bấm btn(Claim) nhận thưởng sẽ bật popup Reward.",,,,,,,,
,,,,Popup Win Streak,Popup Info,Win Streak Screen,Btn Win Streak,Popup Quit/Revive Gameplay,Popup Reward
,,,,"(4)Btn ngoài Home Screen
 - Trường hợp user win level thực hiện anim ngoài màn home theo như sau.
 - Icon ngoài màn home sẽ hiển thị thông tin (Ref 4):
  + Góc dưới bên phải: Hiển thị số phần thưởng có thể nhận, nếu là 0 thì không hiển thị gì.
  + Thanh progress bar xung quanh btn: Tiến trình từ mốc hiện tại tới mốc kế tiếp(vd: cần win 5 lv để có thể đạt mốc tiếp theo -> mỗi lần thanh sẽ tăng 20%), sau khi đã đạt được mốc đó, reset về 0.
  + Bộ đếm thời gian dùng tương tự cách đếm giống như những tính năng trước.

Lưu ý đối với trường hợp đặc biệt sau:
 + Nếu user mở khóa tính năng này vào thời điểm nào khác thì sẽ ít thời gian hơn (VD: ng chơi bắt đầu có tính năng vào 0h sáng thứ 7 thì sẽ chỉ còn 48h để chơi).
 + Nếu user đang chơi game giữa chừng rồi kill app sẽ tính là thua và lần tiếp theo mở game sẽ bật winstreak screen và thực hiện anim cho cá rơi xuống.
 + Các trường hợp nhận thưởng sau sự kiện tương tự Chain Offer

- Thêm biến Remote Config ""win_streak_option"" để tắt bật tính năng.

Databucket: [Yarn Fever!] Databucket
 - Thêm value ""win_streak"" vào event ""feature_first_show"", ""feature_open"", ""feature_close"", ""feature_stage"".
 - Thêm value ""Win_streak_stage_n"" vào event ""resource_earn"".

Haptics: Update Changelog

SFX:
 - SFX nhận token ngoài home (tương tự như master pass).
 - SFX khi đi qua/đạt mốc có thưởng.
 - SFX khi con cá chạy anim xoay 1 vòng ăn mừng.
 - SFX khi con cá nổi lên.
 - SFX khi con cá chìm xuống.
",,,,,